username,password,role,name
admin,ipimadmin2026,admin,Administrator PMB
pmbdemo,pmb2026,candidate,Peserta Demo Utama
demo001,demo2026,candidate,Akun Demo 001
demo002,demo2026,candidate,Akun Demo 002
demo003,demo2026,candidate,Akun Demo 003
demo004,demo2026,candidate,Akun Demo 004
demo005,demo2026,candidate,Akun Demo 005
demo006,demo2026,candidate,Akun Demo 006
demo007,demo2026,candidate,Akun Demo 007
demo008,demo2026,candidate,Akun Demo 008
demo009,demo2026,candidate,Akun Demo 009
demo010,demo2026,candidate,Akun Demo 010
demo011,demo2026,candidate,Akun Demo 011
demo012,demo2026,candidate,Akun Demo 012
demo013,demo2026,candidate,Akun Demo 013
demo014,demo2026,candidate,Akun Demo 014
demo015,demo2026,candidate,Akun Demo 015
demo016,demo2026,candidate,Akun Demo 016
demo017,demo2026,candidate,Akun Demo 017
demo018,demo2026,candidate,Akun Demo 018
demo019,demo2026,candidate,Akun Demo 019
demo020,demo2026,candidate,Akun Demo 020
demo021,demo2026,candidate,Akun Demo 021
demo022,demo2026,candidate,Akun Demo 022
demo023,demo2026,candidate,Akun Demo 023
demo024,demo2026,candidate,Akun Demo 024
demo025,demo2026,candidate,Akun Demo 025
demo026,demo2026,candidate,Akun Demo 026
demo027,demo2026,candidate,Akun Demo 027
demo028,demo2026,candidate,Akun Demo 028
demo029,demo2026,candidate,Akun Demo 029
demo030,demo2026,candidate,Akun Demo 030
pmb001,ipim2026,candidate,Peserta PMB 001
pmb002,ipim2026,candidate,Peserta PMB 002
pmb003,ipim2026,candidate,Peserta PMB 003
pmb004,ipim2026,candidate,Peserta PMB 004
pmb005,ipim2026,candidate,Peserta PMB 005
pmb006,ipim2026,candidate,Peserta PMB 006
pmb007,ipim2026,candidate,Peserta PMB 007
pmb008,ipim2026,candidate,Peserta PMB 008
pmb009,ipim2026,candidate,Peserta PMB 009
pmb010,ipim2026,candidate,Peserta PMB 010
pmb011,ipim2026,candidate,Peserta PMB 011
pmb012,ipim2026,candidate,Peserta PMB 012
pmb013,ipim2026,candidate,Peserta PMB 013
pmb014,ipim2026,candidate,Peserta PMB 014
pmb015,ipim2026,candidate,Peserta PMB 015
pmb016,ipim2026,candidate,Peserta PMB 016
pmb017,ipim2026,candidate,Peserta PMB 017
pmb018,ipim2026,candidate,Peserta PMB 018
pmb019,ipim2026,candidate,Peserta PMB 019
pmb020,ipim2026,candidate,Peserta PMB 020
pmb021,ipim2026,candidate,Peserta PMB 021
pmb022,ipim2026,candidate,Peserta PMB 022
pmb023,ipim2026,candidate,Peserta PMB 023
pmb024,ipim2026,candidate,Peserta PMB 024
pmb025,ipim2026,candidate,Peserta PMB 025
pmb026,ipim2026,candidate,Peserta PMB 026
pmb027,ipim2026,candidate,Peserta PMB 027
pmb028,ipim2026,candidate,Peserta PMB 028
pmb029,ipim2026,candidate,Peserta PMB 029
pmb030,ipim2026,candidate,Peserta PMB 030
pmb031,ipim2026,candidate,Peserta PMB 031
pmb032,ipim2026,candidate,Peserta PMB 032
pmb033,ipim2026,candidate,Peserta PMB 033
pmb034,ipim2026,candidate,Peserta PMB 034
pmb035,ipim2026,candidate,Peserta PMB 035
pmb036,ipim2026,candidate,Peserta PMB 036
pmb037,ipim2026,candidate,Peserta PMB 037
pmb038,ipim2026,candidate,Peserta PMB 038
pmb039,ipim2026,candidate,Peserta PMB 039
pmb040,ipim2026,candidate,Peserta PMB 040
pmb041,ipim2026,candidate,Peserta PMB 041
pmb042,ipim2026,candidate,Peserta PMB 042
pmb043,ipim2026,candidate,Peserta PMB 043
pmb044,ipim2026,candidate,Peserta PMB 044
pmb045,ipim2026,candidate,Peserta PMB 045
pmb046,ipim2026,candidate,Peserta PMB 046
pmb047,ipim2026,candidate,Peserta PMB 047
pmb048,ipim2026,candidate,Peserta PMB 048
pmb049,ipim2026,candidate,Peserta PMB 049
pmb050,ipim2026,candidate,Peserta PMB 050
pmb051,ipim2026,candidate,Peserta PMB 051
pmb052,ipim2026,candidate,Peserta PMB 052
pmb053,ipim2026,candidate,Peserta PMB 053
pmb054,ipim2026,candidate,Peserta PMB 054
pmb055,ipim2026,candidate,Peserta PMB 055
pmb056,ipim2026,candidate,Peserta PMB 056
pmb057,ipim2026,candidate,Peserta PMB 057
pmb058,ipim2026,candidate,Peserta PMB 058
pmb059,ipim2026,candidate,Peserta PMB 059
pmb060,ipim2026,candidate,Peserta PMB 060
pmb061,ipim2026,candidate,Peserta PMB 061
pmb062,ipim2026,candidate,Peserta PMB 062
pmb063,ipim2026,candidate,Peserta PMB 063
pmb064,ipim2026,candidate,Peserta PMB 064
pmb065,ipim2026,candidate,Peserta PMB 065
pmb066,ipim2026,candidate,Peserta PMB 066
pmb067,ipim2026,candidate,Peserta PMB 067
pmb068,ipim2026,candidate,Peserta PMB 068
pmb069,ipim2026,candidate,Peserta PMB 069
pmb070,ipim2026,candidate,Peserta PMB 070
pmb071,ipim2026,candidate,Peserta PMB 071
pmb072,ipim2026,candidate,Peserta PMB 072
pmb073,ipim2026,candidate,Peserta PMB 073
pmb074,ipim2026,candidate,Peserta PMB 074
pmb075,ipim2026,candidate,Peserta PMB 075
pmb076,ipim2026,candidate,Peserta PMB 076
pmb077,ipim2026,candidate,Peserta PMB 077
pmb078,ipim2026,candidate,Peserta PMB 078
pmb079,ipim2026,candidate,Peserta PMB 079
pmb080,ipim2026,candidate,Peserta PMB 080
pmb081,ipim2026,candidate,Peserta PMB 081
pmb082,ipim2026,candidate,Peserta PMB 082
pmb083,ipim2026,candidate,Peserta PMB 083
pmb084,ipim2026,candidate,Peserta PMB 084
pmb085,ipim2026,candidate,Peserta PMB 085
pmb086,ipim2026,candidate,Peserta PMB 086
pmb087,ipim2026,candidate,Peserta PMB 087
pmb088,ipim2026,candidate,Peserta PMB 088
pmb089,ipim2026,candidate,Peserta PMB 089
pmb090,ipim2026,candidate,Peserta PMB 090
pmb091,ipim2026,candidate,Peserta PMB 091
pmb092,ipim2026,candidate,Peserta PMB 092
pmb093,ipim2026,candidate,Peserta PMB 093
pmb094,ipim2026,candidate,Peserta PMB 094
pmb095,ipim2026,candidate,Peserta PMB 095
pmb096,ipim2026,candidate,Peserta PMB 096
pmb097,ipim2026,candidate,Peserta PMB 097
pmb098,ipim2026,candidate,Peserta PMB 098
pmb099,ipim2026,candidate,Peserta PMB 099
pmb100,ipim2026,candidate,Peserta PMB 100
pmb101,ipim2026,candidate,Peserta PMB 101
pmb102,ipim2026,candidate,Peserta PMB 102
pmb103,ipim2026,candidate,Peserta PMB 103
pmb104,ipim2026,candidate,Peserta PMB 104
pmb105,ipim2026,candidate,Peserta PMB 105
pmb106,ipim2026,candidate,Peserta PMB 106
pmb107,ipim2026,candidate,Peserta PMB 107
pmb108,ipim2026,candidate,Peserta PMB 108
pmb109,ipim2026,candidate,Peserta PMB 109
pmb110,ipim2026,candidate,Peserta PMB 110
pmb111,ipim2026,candidate,Peserta PMB 111
pmb112,ipim2026,candidate,Peserta PMB 112
pmb113,ipim2026,candidate,Peserta PMB 113
pmb114,ipim2026,candidate,Peserta PMB 114
pmb115,ipim2026,candidate,Peserta PMB 115
pmb116,ipim2026,candidate,Peserta PMB 116
pmb117,ipim2026,candidate,Peserta PMB 117
pmb118,ipim2026,candidate,Peserta PMB 118
pmb119,ipim2026,candidate,Peserta PMB 119
pmb120,ipim2026,candidate,Peserta PMB 120
pmb121,ipim2026,candidate,Peserta PMB 121
pmb122,ipim2026,candidate,Peserta PMB 122
pmb123,ipim2026,candidate,Peserta PMB 123
pmb124,ipim2026,candidate,Peserta PMB 124
pmb125,ipim2026,candidate,Peserta PMB 125
pmb126,ipim2026,candidate,Peserta PMB 126
pmb127,ipim2026,candidate,Peserta PMB 127
pmb128,ipim2026,candidate,Peserta PMB 128
pmb129,ipim2026,candidate,Peserta PMB 129
pmb130,ipim2026,candidate,Peserta PMB 130
pmb131,ipim2026,candidate,Peserta PMB 131
pmb132,ipim2026,candidate,Peserta PMB 132
pmb133,ipim2026,candidate,Peserta PMB 133
pmb134,ipim2026,candidate,Peserta PMB 134
pmb135,ipim2026,candidate,Peserta PMB 135
pmb136,ipim2026,candidate,Peserta PMB 136
pmb137,ipim2026,candidate,Peserta PMB 137
pmb138,ipim2026,candidate,Peserta PMB 138
pmb139,ipim2026,candidate,Peserta PMB 139
pmb140,ipim2026,candidate,Peserta PMB 140
pmb141,ipim2026,candidate,Peserta PMB 141
pmb142,ipim2026,candidate,Peserta PMB 142
pmb143,ipim2026,candidate,Peserta PMB 143
pmb144,ipim2026,candidate,Peserta PMB 144
pmb145,ipim2026,candidate,Peserta PMB 145
pmb146,ipim2026,candidate,Peserta PMB 146
pmb147,ipim2026,candidate,Peserta PMB 147
pmb148,ipim2026,candidate,Peserta PMB 148
pmb149,ipim2026,candidate,Peserta PMB 149
pmb150,ipim2026,candidate,Peserta PMB 150
pmb151,ipim2026,candidate,Peserta PMB 151
pmb152,ipim2026,candidate,Peserta PMB 152
pmb153,ipim2026,candidate,Peserta PMB 153
pmb154,ipim2026,candidate,Peserta PMB 154
pmb155,ipim2026,candidate,Peserta PMB 155
pmb156,ipim2026,candidate,Peserta PMB 156
pmb157,ipim2026,candidate,Peserta PMB 157
pmb158,ipim2026,candidate,Peserta PMB 158
pmb159,ipim2026,candidate,Peserta PMB 159
pmb160,ipim2026,candidate,Peserta PMB 160
pmb161,ipim2026,candidate,Peserta PMB 161
pmb162,ipim2026,candidate,Peserta PMB 162
pmb163,ipim2026,candidate,Peserta PMB 163
pmb164,ipim2026,candidate,Peserta PMB 164
pmb165,ipim2026,candidate,Peserta PMB 165
pmb166,ipim2026,candidate,Peserta PMB 166
pmb167,ipim2026,candidate,Peserta PMB 167
pmb168,ipim2026,candidate,Peserta PMB 168
pmb169,ipim2026,candidate,Peserta PMB 169
pmb170,ipim2026,candidate,Peserta PMB 170
pmb171,ipim2026,candidate,Peserta PMB 171
pmb172,ipim2026,candidate,Peserta PMB 172
pmb173,ipim2026,candidate,Peserta PMB 173
pmb174,ipim2026,candidate,Peserta PMB 174
pmb175,ipim2026,candidate,Peserta PMB 175
pmb176,ipim2026,candidate,Peserta PMB 176
pmb177,ipim2026,candidate,Peserta PMB 177
pmb178,ipim2026,candidate,Peserta PMB 178
pmb179,ipim2026,candidate,Peserta PMB 179
pmb180,ipim2026,candidate,Peserta PMB 180
pmb181,ipim2026,candidate,Peserta PMB 181
pmb182,ipim2026,candidate,Peserta PMB 182
pmb183,ipim2026,candidate,Peserta PMB 183
pmb184,ipim2026,candidate,Peserta PMB 184
pmb185,ipim2026,candidate,Peserta PMB 185
pmb186,ipim2026,candidate,Peserta PMB 186
pmb187,ipim2026,candidate,Peserta PMB 187
pmb188,ipim2026,candidate,Peserta PMB 188
pmb189,ipim2026,candidate,Peserta PMB 189
pmb190,ipim2026,candidate,Peserta PMB 190
pmb191,ipim2026,candidate,Peserta PMB 191
pmb192,ipim2026,candidate,Peserta PMB 192
pmb193,ipim2026,candidate,Peserta PMB 193
pmb194,ipim2026,candidate,Peserta PMB 194
pmb195,ipim2026,candidate,Peserta PMB 195
pmb196,ipim2026,candidate,Peserta PMB 196
pmb197,ipim2026,candidate,Peserta PMB 197
pmb198,ipim2026,candidate,Peserta PMB 198
pmb199,ipim2026,candidate,Peserta PMB 199
pmb200,ipim2026,candidate,Peserta PMB 200
pmb201,ipim2026,candidate,Peserta PMB 201
pmb202,ipim2026,candidate,Peserta PMB 202
pmb203,ipim2026,candidate,Peserta PMB 203
pmb204,ipim2026,candidate,Peserta PMB 204
pmb205,ipim2026,candidate,Peserta PMB 205
pmb206,ipim2026,candidate,Peserta PMB 206
pmb207,ipim2026,candidate,Peserta PMB 207
pmb208,ipim2026,candidate,Peserta PMB 208
pmb209,ipim2026,candidate,Peserta PMB 209
pmb210,ipim2026,candidate,Peserta PMB 210
pmb211,ipim2026,candidate,Peserta PMB 211
pmb212,ipim2026,candidate,Peserta PMB 212
pmb213,ipim2026,candidate,Peserta PMB 213
pmb214,ipim2026,candidate,Peserta PMB 214
pmb215,ipim2026,candidate,Peserta PMB 215
pmb216,ipim2026,candidate,Peserta PMB 216
pmb217,ipim2026,candidate,Peserta PMB 217
pmb218,ipim2026,candidate,Peserta PMB 218
pmb219,ipim2026,candidate,Peserta PMB 219
pmb220,ipim2026,candidate,Peserta PMB 220
pmb221,ipim2026,candidate,Peserta PMB 221
pmb222,ipim2026,candidate,Peserta PMB 222
pmb223,ipim2026,candidate,Peserta PMB 223
pmb224,ipim2026,candidate,Peserta PMB 224
pmb225,ipim2026,candidate,Peserta PMB 225
pmb226,ipim2026,candidate,Peserta PMB 226
pmb227,ipim2026,candidate,Peserta PMB 227
pmb228,ipim2026,candidate,Peserta PMB 228
pmb229,ipim2026,candidate,Peserta PMB 229
pmb230,ipim2026,candidate,Peserta PMB 230
pmb231,ipim2026,candidate,Peserta PMB 231
pmb232,ipim2026,candidate,Peserta PMB 232
pmb233,ipim2026,candidate,Peserta PMB 233
pmb234,ipim2026,candidate,Peserta PMB 234
pmb235,ipim2026,candidate,Peserta PMB 235
pmb236,ipim2026,candidate,Peserta PMB 236
pmb237,ipim2026,candidate,Peserta PMB 237
pmb238,ipim2026,candidate,Peserta PMB 238
pmb239,ipim2026,candidate,Peserta PMB 239
pmb240,ipim2026,candidate,Peserta PMB 240
pmb241,ipim2026,candidate,Peserta PMB 241
pmb242,ipim2026,candidate,Peserta PMB 242
pmb243,ipim2026,candidate,Peserta PMB 243
pmb244,ipim2026,candidate,Peserta PMB 244
pmb245,ipim2026,candidate,Peserta PMB 245
pmb246,ipim2026,candidate,Peserta PMB 246
pmb247,ipim2026,candidate,Peserta PMB 247
pmb248,ipim2026,candidate,Peserta PMB 248
pmb249,ipim2026,candidate,Peserta PMB 249
pmb250,ipim2026,candidate,Peserta PMB 250
pmb251,ipim2026,candidate,Peserta PMB 251
pmb252,ipim2026,candidate,Peserta PMB 252
pmb253,ipim2026,candidate,Peserta PMB 253
pmb254,ipim2026,candidate,Peserta PMB 254
pmb255,ipim2026,candidate,Peserta PMB 255
pmb256,ipim2026,candidate,Peserta PMB 256
pmb257,ipim2026,candidate,Peserta PMB 257
pmb258,ipim2026,candidate,Peserta PMB 258
pmb259,ipim2026,candidate,Peserta PMB 259
pmb260,ipim2026,candidate,Peserta PMB 260
pmb261,ipim2026,candidate,Peserta PMB 261
pmb262,ipim2026,candidate,Peserta PMB 262
pmb263,ipim2026,candidate,Peserta PMB 263
pmb264,ipim2026,candidate,Peserta PMB 264
pmb265,ipim2026,candidate,Peserta PMB 265
pmb266,ipim2026,candidate,Peserta PMB 266
pmb267,ipim2026,candidate,Peserta PMB 267
pmb268,ipim2026,candidate,Peserta PMB 268
pmb269,ipim2026,candidate,Peserta PMB 269
pmb270,ipim2026,candidate,Peserta PMB 270
pmb271,ipim2026,candidate,Peserta PMB 271
pmb272,ipim2026,candidate,Peserta PMB 272
pmb273,ipim2026,candidate,Peserta PMB 273
pmb274,ipim2026,candidate,Peserta PMB 274
pmb275,ipim2026,candidate,Peserta PMB 275
pmb276,ipim2026,candidate,Peserta PMB 276
pmb277,ipim2026,candidate,Peserta PMB 277
pmb278,ipim2026,candidate,Peserta PMB 278
pmb279,ipim2026,candidate,Peserta PMB 279
pmb280,ipim2026,candidate,Peserta PMB 280
pmb281,ipim2026,candidate,Peserta PMB 281
pmb282,ipim2026,candidate,Peserta PMB 282
pmb283,ipim2026,candidate,Peserta PMB 283
pmb284,ipim2026,candidate,Peserta PMB 284
pmb285,ipim2026,candidate,Peserta PMB 285
pmb286,ipim2026,candidate,Peserta PMB 286
pmb287,ipim2026,candidate,Peserta PMB 287
pmb288,ipim2026,candidate,Peserta PMB 288
pmb289,ipim2026,candidate,Peserta PMB 289
pmb290,ipim2026,candidate,Peserta PMB 290
pmb291,ipim2026,candidate,Peserta PMB 291
pmb292,ipim2026,candidate,Peserta PMB 292
pmb293,ipim2026,candidate,Peserta PMB 293
pmb294,ipim2026,candidate,Peserta PMB 294
pmb295,ipim2026,candidate,Peserta PMB 295
pmb296,ipim2026,candidate,Peserta PMB 296
pmb297,ipim2026,candidate,Peserta PMB 297
pmb298,ipim2026,candidate,Peserta PMB 298
pmb299,ipim2026,candidate,Peserta PMB 299
pmb300,ipim2026,candidate,Peserta PMB 300
pmb301,ipim2026,candidate,Peserta PMB 301
pmb302,ipim2026,candidate,Peserta PMB 302
pmb303,ipim2026,candidate,Peserta PMB 303
pmb304,ipim2026,candidate,Peserta PMB 304
pmb305,ipim2026,candidate,Peserta PMB 305
pmb306,ipim2026,candidate,Peserta PMB 306
pmb307,ipim2026,candidate,Peserta PMB 307
pmb308,ipim2026,candidate,Peserta PMB 308
pmb309,ipim2026,candidate,Peserta PMB 309
pmb310,ipim2026,candidate,Peserta PMB 310
pmb311,ipim2026,candidate,Peserta PMB 311
pmb312,ipim2026,candidate,Peserta PMB 312
pmb313,ipim2026,candidate,Peserta PMB 313
pmb314,ipim2026,candidate,Peserta PMB 314
pmb315,ipim2026,candidate,Peserta PMB 315
pmb316,ipim2026,candidate,Peserta PMB 316
pmb317,ipim2026,candidate,Peserta PMB 317
pmb318,ipim2026,candidate,Peserta PMB 318
pmb319,ipim2026,candidate,Peserta PMB 319
pmb320,ipim2026,candidate,Peserta PMB 320
pmb321,ipim2026,candidate,Peserta PMB 321
pmb322,ipim2026,candidate,Peserta PMB 322
pmb323,ipim2026,candidate,Peserta PMB 323
pmb324,ipim2026,candidate,Peserta PMB 324
pmb325,ipim2026,candidate,Peserta PMB 325
pmb326,ipim2026,candidate,Peserta PMB 326
pmb327,ipim2026,candidate,Peserta PMB 327
pmb328,ipim2026,candidate,Peserta PMB 328
pmb329,ipim2026,candidate,Peserta PMB 329
pmb330,ipim2026,candidate,Peserta PMB 330
pmb331,ipim2026,candidate,Peserta PMB 331
pmb332,ipim2026,candidate,Peserta PMB 332
pmb333,ipim2026,candidate,Peserta PMB 333
pmb334,ipim2026,candidate,Peserta PMB 334
pmb335,ipim2026,candidate,Peserta PMB 335
pmb336,ipim2026,candidate,Peserta PMB 336
pmb337,ipim2026,candidate,Peserta PMB 337
pmb338,ipim2026,candidate,Peserta PMB 338
pmb339,ipim2026,candidate,Peserta PMB 339
pmb340,ipim2026,candidate,Peserta PMB 340
pmb341,ipim2026,candidate,Peserta PMB 341
pmb342,ipim2026,candidate,Peserta PMB 342
pmb343,ipim2026,candidate,Peserta PMB 343
pmb344,ipim2026,candidate,Peserta PMB 344
pmb345,ipim2026,candidate,Peserta PMB 345
pmb346,ipim2026,candidate,Peserta PMB 346
pmb347,ipim2026,candidate,Peserta PMB 347
pmb348,ipim2026,candidate,Peserta PMB 348
pmb349,ipim2026,candidate,Peserta PMB 349
pmb350,ipim2026,candidate,Peserta PMB 350
pmb351,ipim2026,candidate,Peserta PMB 351
pmb352,ipim2026,candidate,Peserta PMB 352
pmb353,ipim2026,candidate,Peserta PMB 353
pmb354,ipim2026,candidate,Peserta PMB 354
pmb355,ipim2026,candidate,Peserta PMB 355
pmb356,ipim2026,candidate,Peserta PMB 356
pmb357,ipim2026,candidate,Peserta PMB 357
pmb358,ipim2026,candidate,Peserta PMB 358
pmb359,ipim2026,candidate,Peserta PMB 359
pmb360,ipim2026,candidate,Peserta PMB 360
pmb361,ipim2026,candidate,Peserta PMB 361
pmb362,ipim2026,candidate,Peserta PMB 362
pmb363,ipim2026,candidate,Peserta PMB 363
pmb364,ipim2026,candidate,Peserta PMB 364
pmb365,ipim2026,candidate,Peserta PMB 365
pmb366,ipim2026,candidate,Peserta PMB 366
pmb367,ipim2026,candidate,Peserta PMB 367
pmb368,ipim2026,candidate,Peserta PMB 368
pmb369,ipim2026,candidate,Peserta PMB 369
pmb370,ipim2026,candidate,Peserta PMB 370
pmb371,ipim2026,candidate,Peserta PMB 371
pmb372,ipim2026,candidate,Peserta PMB 372
pmb373,ipim2026,candidate,Peserta PMB 373
pmb374,ipim2026,candidate,Peserta PMB 374
pmb375,ipim2026,candidate,Peserta PMB 375
pmb376,ipim2026,candidate,Peserta PMB 376
pmb377,ipim2026,candidate,Peserta PMB 377
pmb378,ipim2026,candidate,Peserta PMB 378
pmb379,ipim2026,candidate,Peserta PMB 379
pmb380,ipim2026,candidate,Peserta PMB 380
pmb381,ipim2026,candidate,Peserta PMB 381
pmb382,ipim2026,candidate,Peserta PMB 382
pmb383,ipim2026,candidate,Peserta PMB 383
pmb384,ipim2026,candidate,Peserta PMB 384
pmb385,ipim2026,candidate,Peserta PMB 385
pmb386,ipim2026,candidate,Peserta PMB 386
pmb387,ipim2026,candidate,Peserta PMB 387
pmb388,ipim2026,candidate,Peserta PMB 388
pmb389,ipim2026,candidate,Peserta PMB 389
pmb390,ipim2026,candidate,Peserta PMB 390
pmb391,ipim2026,candidate,Peserta PMB 391
pmb392,ipim2026,candidate,Peserta PMB 392
pmb393,ipim2026,candidate,Peserta PMB 393
pmb394,ipim2026,candidate,Peserta PMB 394
pmb395,ipim2026,candidate,Peserta PMB 395
pmb396,ipim2026,candidate,Peserta PMB 396
pmb397,ipim2026,candidate,Peserta PMB 397
pmb398,ipim2026,candidate,Peserta PMB 398
pmb399,ipim2026,candidate,Peserta PMB 399
pmb400,ipim2026,candidate,Peserta PMB 400
pmb401,ipim2026,candidate,Peserta PMB 401
pmb402,ipim2026,candidate,Peserta PMB 402
pmb403,ipim2026,candidate,Peserta PMB 403
pmb404,ipim2026,candidate,Peserta PMB 404
pmb405,ipim2026,candidate,Peserta PMB 405
pmb406,ipim2026,candidate,Peserta PMB 406
pmb407,ipim2026,candidate,Peserta PMB 407
pmb408,ipim2026,candidate,Peserta PMB 408
pmb409,ipim2026,candidate,Peserta PMB 409
pmb410,ipim2026,candidate,Peserta PMB 410
pmb411,ipim2026,candidate,Peserta PMB 411
pmb412,ipim2026,candidate,Peserta PMB 412
pmb413,ipim2026,candidate,Peserta PMB 413
pmb414,ipim2026,candidate,Peserta PMB 414
pmb415,ipim2026,candidate,Peserta PMB 415
pmb416,ipim2026,candidate,Peserta PMB 416
pmb417,ipim2026,candidate,Peserta PMB 417
pmb418,ipim2026,candidate,Peserta PMB 418
pmb419,ipim2026,candidate,Peserta PMB 419
pmb420,ipim2026,candidate,Peserta PMB 420
pmb421,ipim2026,candidate,Peserta PMB 421
pmb422,ipim2026,candidate,Peserta PMB 422
pmb423,ipim2026,candidate,Peserta PMB 423
pmb424,ipim2026,candidate,Peserta PMB 424
pmb425,ipim2026,candidate,Peserta PMB 425
pmb426,ipim2026,candidate,Peserta PMB 426
pmb427,ipim2026,candidate,Peserta PMB 427
pmb428,ipim2026,candidate,Peserta PMB 428
pmb429,ipim2026,candidate,Peserta PMB 429
pmb430,ipim2026,candidate,Peserta PMB 430
pmb431,ipim2026,candidate,Peserta PMB 431
pmb432,ipim2026,candidate,Peserta PMB 432
pmb433,ipim2026,candidate,Peserta PMB 433
pmb434,ipim2026,candidate,Peserta PMB 434
pmb435,ipim2026,candidate,Peserta PMB 435
pmb436,ipim2026,candidate,Peserta PMB 436
pmb437,ipim2026,candidate,Peserta PMB 437
pmb438,ipim2026,candidate,Peserta PMB 438
pmb439,ipim2026,candidate,Peserta PMB 439
pmb440,ipim2026,candidate,Peserta PMB 440
pmb441,ipim2026,candidate,Peserta PMB 441
pmb442,ipim2026,candidate,Peserta PMB 442
pmb443,ipim2026,candidate,Peserta PMB 443
pmb444,ipim2026,candidate,Peserta PMB 444
pmb445,ipim2026,candidate,Peserta PMB 445
pmb446,ipim2026,candidate,Peserta PMB 446
pmb447,ipim2026,candidate,Peserta PMB 447
pmb448,ipim2026,candidate,Peserta PMB 448
pmb449,ipim2026,candidate,Peserta PMB 449
pmb450,ipim2026,candidate,Peserta PMB 450
pmb451,ipim2026,candidate,Peserta PMB 451
pmb452,ipim2026,candidate,Peserta PMB 452
pmb453,ipim2026,candidate,Peserta PMB 453
pmb454,ipim2026,candidate,Peserta PMB 454
pmb455,ipim2026,candidate,Peserta PMB 455
pmb456,ipim2026,candidate,Peserta PMB 456
pmb457,ipim2026,candidate,Peserta PMB 457
pmb458,ipim2026,candidate,Peserta PMB 458
pmb459,ipim2026,candidate,Peserta PMB 459
pmb460,ipim2026,candidate,Peserta PMB 460
pmb461,ipim2026,candidate,Peserta PMB 461
pmb462,ipim2026,candidate,Peserta PMB 462
pmb463,ipim2026,candidate,Peserta PMB 463
pmb464,ipim2026,candidate,Peserta PMB 464
pmb465,ipim2026,candidate,Peserta PMB 465
pmb466,ipim2026,candidate,Peserta PMB 466
pmb467,ipim2026,candidate,Peserta PMB 467
pmb468,ipim2026,candidate,Peserta PMB 468
pmb469,ipim2026,candidate,Peserta PMB 469
pmb470,ipim2026,candidate,Peserta PMB 470
pmb471,ipim2026,candidate,Peserta PMB 471
pmb472,ipim2026,candidate,Peserta PMB 472
pmb473,ipim2026,candidate,Peserta PMB 473
pmb474,ipim2026,candidate,Peserta PMB 474
pmb475,ipim2026,candidate,Peserta PMB 475
pmb476,ipim2026,candidate,Peserta PMB 476
pmb477,ipim2026,candidate,Peserta PMB 477
pmb478,ipim2026,candidate,Peserta PMB 478
pmb479,ipim2026,candidate,Peserta PMB 479
pmb480,ipim2026,candidate,Peserta PMB 480
pmb481,ipim2026,candidate,Peserta PMB 481
pmb482,ipim2026,candidate,Peserta PMB 482
pmb483,ipim2026,candidate,Peserta PMB 483
pmb484,ipim2026,candidate,Peserta PMB 484
pmb485,ipim2026,candidate,Peserta PMB 485
pmb486,ipim2026,candidate,Peserta PMB 486
pmb487,ipim2026,candidate,Peserta PMB 487
pmb488,ipim2026,candidate,Peserta PMB 488
pmb489,ipim2026,candidate,Peserta PMB 489
pmb490,ipim2026,candidate,Peserta PMB 490
pmb491,ipim2026,candidate,Peserta PMB 491
pmb492,ipim2026,candidate,Peserta PMB 492
pmb493,ipim2026,candidate,Peserta PMB 493
pmb494,ipim2026,candidate,Peserta PMB 494
pmb495,ipim2026,candidate,Peserta PMB 495
pmb496,ipim2026,candidate,Peserta PMB 496
pmb497,ipim2026,candidate,Peserta PMB 497
pmb498,ipim2026,candidate,Peserta PMB 498
pmb499,ipim2026,candidate,Peserta PMB 499
pmb500,ipim2026,candidate,Peserta PMB 500
